perc_forest,elevation_m,years,site,animals_per_km2
24.456038186326623,767.8052396979183,9.641948092030361,Site 1,8
70.59578872285783,902.4619433563203,3.399104136042297,Site 3,6.5
83.32505915313959,909.127264842391,10.260359034873545,Site 1,7
51.76606602035463,888.9461283106357,5.836055736290291,Site 2,5
71.99352665338665,949.4259341619909,0.7518838450778276,Site 1,4
90.26379606220871,788.08350302279,8.192484371829778,Site 1,5.5
24.801878561265767,771.5425102971494,10.62895127106458,Site 1,2
14.134786534123123,948.7169172149152,1.5254069527145475,Site 3,4.5
17.59372625965625,817.6238539628685,12.403409357648343,Site 3,7
5.511067598126829,898.2113528531045,23.963870940497145,Site 1,6.5
92.12474571540952,838.6923080775887,2.3358981066849083,Site 2,5
71.03558394592255,890.4473528731614,8.634538372280076,Site 1,5.5
37.97316972631961,943.0378159042448,15.373697952600196,Site 2,4
96.04602523613721,792.6848159637302,9.817269846098498,Site 3,3
49.76501800119877,802.1383850369602,23.396479489747435,Site 1,5.5
15.720397932454944,779.7591033391654,6.807994149858132,Site 2,3.5
44.62871481664479,813.3595507591963,16.78075281670317,Site 3,11
49.24801450688392,776.9593607168645,7.622081885347143,Site 1,4
20.803337637335062,823.6191834323108,21.160779625643045,Site 1,5.5
7.652134774252772,753.9455594494939,10.365934832952917,Site 2,4
96.14572182763368,851.3932555913925,6.0050290485378355,Site 1,5
48.761568614281714,903.3759610261768,20.024405675940216,Site 3,5
58.506075106561184,755.1756172440946,17.770680296234787,Site 1,5.5
66.49591932073236,810.37752982229,1.2789309141226113,Site 2,4
18.304670765064657,880.1242767367512,2.759784460067749,Site 2,5
94.18069703970104,899.2790818680078,19.658880785573274,Site 1,6.5
54.627146339043975,932.6515980996192,15.011830936418846,Site 2,4
40.32800819259137,787.7211428247392,22.664860845543444,Site 2,6
51.18989765178412,773.1653603725135,0.6708748289383948,Site 2,8
62.00745748355985,803.6856980994344,19.081669597653672,Site 3,7.5
13.75024258159101,871.9626353587955,12.888126872712746,Site 2,7.5
69.80235767550766,906.1801135540009,3.0085894919466227,Site 2,4
38.360241265036166,797.0191717147827,21.883209911175072,Site 3,4
86.4272179780528,897.345310356468,11.232938949251547,Site 3,9
21.693212166428566,835.0590771995485,6.544373749056831,Site 1,8.5
1.7694191541522741,757.8399650752544,13.334670115727931,Site 2,5.5
86.36422415729612,942.1477569267154,7.94488952960819,Site 2,3.5
69.1497803432867,929.2165032122284,12.099406437482685,Site 3,6
95.49166762735695,879.12888010032475,9.921041544293985,Site 3,6.5
41.27207661513239,814.1870041377842,19.796244223834947,Site 1,8.5
70.15882567502558,762.5485946424305,20.014007238205522,Site 2,7
11.441206466406584,804.656822886318,2.680787118151784,Site 3,9.5
74.13127822801471,798.0885209981352,17.85811561276205,Site 3,8
61.48087230976671,893.5646477621049,7.1241685771383345,Site 3,5
95.90795249678195,870.6873176153749,12.280086032114923,Site 3,4.5
74.40070933662355,898.6654597334564,10.318839317187667,Site 2,6
46.77966916933656,918.7820373103023,9.131224849261343,Site 2,5
10.025481856428087,893.9622479956597,18.77309624105692,Site 3,6.5
40.921473409980536,866.5989828761667,23.231924034189433,Site 1,4
15.776870399713516,846.8431869521737,16.869485093047842,Site 3,9
14.295258559286594,940.9804665483534,16.19638815172948,Site 2,11.5
12.883339170366526,892.9431792814285,6.327681738184765,Site 1,5
97.21741145476699,813.82308434695,13.482384919188917,Site 1,5.5
65.87204628158361,921.1938835680485,16.748859564540908,Site 3,4.5
48.33631708752364,886.4600651431829,22.588266141247004,Site 1,5
74.51779621187598,796.2046413682401,17.107248259708285,Site 3,3
5.294956639409065,851.4663546346128,17.65037458972074,Site 2,4
56.56028017401695,879.4934662524611,4.760742204962298,Site 3,6
48.460900550708175,924.527662107721,7.8834590211045,Site 2,5.5
96.57046187203377,819.3516583647579,8.733717503491789,Site 3,7
96.02407710626721,782.3247693944722,16.04625239269808,Site 2,4
99.23927343916148,942.2154990024865,24.048288632184267,Site 1,7
66.82899822480977,806.301482161507,24.591891461750492,Site 1,5.5
38.71735904831439,761.7374656256288,13.407097349409014,Site 1,8
66.75671269185841,840.653976239264,11.716679687378928,Site 1,3.5
95.96534143202007,822.7001434192061,15.930084936553612,Site 1,8
5.856545828282833,848.7650087103248,8.804099168628454,Site 1,5
99.63952265679836,931.875057797879,0.3368695848621428,Site 2,4
73.95212608389556,801.48496767506,17.891925375442952,Site 2,5.5
14.015907095745206,854.457746213302,16.188700532075018,Site 3,8.5
97.02316150069237,868.2968001347035,5.153392144711688,Site 1,5
53.53223974816501,816.116227582097,10.339018370723352,Site 2,5
14.074020367115736,857.4348241556436,22.193615819560364,Site 2,8.5
77.76959659531713,888.7615326792002,24.410093313781545,Site 1,4
13.146836869418621,842.5835644826293,6.129053485346958,Site 2,1.5
85.03942000679672,900.0376577954739,18.95147979957983,Site 3,5
95.62703585252166,847.9998619295657,2.9052585654426366,Site 3,6
30.689875688403845,927.2636776324362,3.389695391524583,Site 1,8
19.036035030148923,843.50206842646,14.48702877969481,Site 3,4
13.964015897363424,862.015464482829,11.323038476984948,Site 1,4
65.87159044574946,789.5930611994117,19.57064045709558,Site 2,4.5
80.80215030349791,874.3300713133067,20.804621593561023,Site 1,4
87.37978935241699,811.3254132214934,17.12938296259381,Site 1,5
36.85862962156534,929.1312749031931,0.06294611375778913,Site 1,3
10.363984270952642,795.8864258602262,8.62384881475009,Site 3,6.5
99.29982055909932,858.5618793964386,9.49748734710738,Site 3,4
89.71630202140659,839.6275868173689,5.517315323231742,Site 3,12.5
22.395345219410956,858.4357954096049,18.949342629639432,Site 2,2.5
28.515954921022058,819.7041747160256,9.808404697105289,Site 1,2.5
6.360744195990264,809.3200347851962,18.30578152439557,Site 2,8.5
75.76900641433895,883.9663833379745,18.171979009639472,Site 1,3
59.71251435112208,926.7031935043633,20.549624820705503,Site 1,4.5
74.09559269435704,849.3633156642318,1.6143613553140312,Site 3,9.5
6.1002675909549,781.1232101172209,6.051783630391583,Site 3,12
62.17905150260776,821.3434597011656,12.558112450642511,Site 3,6
98.31402224954218,913.6375065892935,3.645599290030077,Site 2,5
97.1460415283218,947.6693578995764,21.17367702885531,Site 2,2.5
86.72558632679284,947.5634076166898,0.6352282885927707,Site 3,6
58.436466357670724,811.6845095530152,12.30826792307198,Site 2,4
57.328202784992754,799.6429378632456,23.786979948636144,Site 2,6
38.141322415322065,824.4157912675291,15.457087190588936,Site 2,2.5
45.69443652871996,938.2488126400858,24.996570154326037,Site 1,6.5
19.910004129633307,776.6672955360264,20.006031217053533,Site 1,7
32.315461011603475,753.4901464357972,21.31804900127463,Site 2,3
40.08476412855089,865.0585044641048,17.64395768987015,Site 2,4.5
28.882905980572104,918.5016289353371,7.685510447481647,Site 1,4
28.496670559979975,776.9631850998849,17.071980790933594,Site 1,4
13.462533801794052,822.1637057606131,1.1812001990620047,Site 2,5.5
57.931501092389226,902.4105995893478,14.772849361179397,Site 2,2.5
54.463840229436755,830.670505668968,12.164278153795749,Site 3,5
93.528937199153,872.1813859883696,2.8219044965226203,Site 1,6.5
85.70564477704465,901.6227003186941,3.3058497414458543,Site 2,4.5
50.42075777892023,923.9388142246753,12.279430200578645,Site 2,3.5
4.3645167257636786,822.1398301888257,3.747142310021445,Site 3,6
53.86439755093306,787.2138466220349,3.550238936441019,Site 3,9
74.19424827676266,758.8129357434809,24.29055562824942,Site 3,7
47.07704421598464,839.306722022593,15.253362752264366,Site 2,5
40.39409491233528,825.3760927822441,1.5586730500217527,Site 2,2
34.54515254124999,783.1984801217914,18.494887015549466,Site 1,6.5
92.96540417708457,837.5702053308487,7.850701751885936,Site 3,10
51.324639189988375,918.7344246543944,16.406513488618657,Site 1,9
32.41395712830126,844.5528778247535,0.12256436166353524,Site 1,3
78.16515206359327,941.2888943217695,10.905022220686078,Site 2,3.5
15.035624289885163,832.4189842678607,24.263448576675728,Site 2,4
53.75294496770948,888.3132901974022,0.6389569549355656,Site 3,1
50.10850350372493,803.4809947945178,2.7135478623677045,Site 1,5
63.05512236431241,754.4766242615879,18.30138902296312,Site 2,4
23.142169252969325,919.5642346516252,21.711969387251884,Site 3,4.5
4.618296213448048,894.6232620161027,18.70255824760534,Site 2,5.5
87.88026820402592,819.5054168347269,4.164882079930976,Site 3,8
77.16162682045251,882.96436984092,0.17016351921483874,Site 2,4
8.053276827558875,871.9817517325282,12.252519751200452,Site 1,6
57.0806753821671,785.7645120471716,6.70999878202565,Site 1,4
33.64746212027967,806.4617620315403,0.7772006909362972,Site 2,4
64.43711048923433,836.0825233627111,23.259538790443912,Site 3,3.5
77.70091858692467,767.3379195854068,6.751918053487316,Site 1,7
98.80111804232001,897.4998485762626,8.569796284427866,Site 3,8
30.64874222036451,815.4679585713893,20.232827577274293,Site 3,3.5
78.39934749063104,786.7255167104304,20.924396871123463,Site 3,4.5
18.949372228235006,806.3022818416357,19.88425524905324,Site 1,11
22.746716672554612,826.1165728792548,6.5631099219899625,Site 3,10.5
10.212088166736066,822.1495499834418,24.603529914747924,Site 3,6.5
22.268005344085395,925.4904963076115,17.01535820029676,Site 1,8
16.79321003612131,928.1876784283668,16.416206711437553,Site 1,4.5
92.44035398587584,885.6275787111372,10.82084645750001,Site 2,4
20.68775282241404,868.6139587778598,16.475001676008105,Site 1,5.5
75.604257453233,844.7267420124263,15.298480208730325,Site 1,8.5
30.119799403473735,917.1350174117833,22.067332395818084,Site 1,3.5
1.1406841920688748,876.0050456039608,7.80041788239032,Site 3,9.5
6.617743405513465,941.9296880718321,2.881139557575807,Site 3,8
61.65080110076815,808.5159618407488,7.015795155894011,Site 3,7.5
42.218587337993085,823.6795240081847,6.529274274362251,Site 3,8.5
28.404902759939432,900.8646549191326,22.220189863583073,Site 2,7.5
75.21996491122991,814.856863161549,7.973681174917147,Site 2,3
87.48384127393365,774.6613621711731,6.148524722084403,Site 1,5.5
9.66755251865834,929.9567461479455,21.546968596521765,Site 3,4
11.958829825744033,879.4996025972068,16.68124559801072,Site 1,5.5
96.32480584550649,782.3246337939054,14.832433889387175,Site 2,5.5
93.46237909048796,894.0255242865533,7.489553902996704,Site 3,10
1.3395466841757298,790.9533874131739,22.828949976246804,Site 1,4
89.15858163964003,919.0555286128074,6.497660733293742,Site 3,8.5
73.4980400884524,850.5602377001196,21.717728092335165,Site 1,4
59.85997901298106,917.8091709967703,22.991354996338487,Site 3,4.5
44.82415721286088,870.1225604396313,9.506543329916894,Site 1,8
30.351197835989296,841.3795448839664,18.581572320545092,Site 1,9
12.345823599025607,784.4140135217458,7.490598381264135,Site 3,4.5
47.24649281706661,911.0459754243493,17.85237090080045,Site 1,5
26.11271603964269,841.0128720570356,22.190044331364334,Site 1,4
5.903763067908585,753.6939444486052,7.093621033709496,Site 2,5.5
77.58612299803644,918.4186661150306,24.158038926543668,Site 2,5.5
73.54925377294421,843.6404790263623,1.7843600129708648,Site 2,4.5
88.0000445060432,810.9091086313128,22.745949582895264,Site 1,4
67.80415039975196,778.4362583421171,10.390702344011515,Site 2,3.5
58.5849222028628,946.2796951178461,6.332267017569393,Site 1,4
13.648448302410543,831.594986980781,10.975123720709234,Site 3,9.5
34.93923358619213,831.4926873892546,1.8187109497375786,Site 3,10
71.58425615634769,930.2168300841004,12.150361202657223,Site 3,9.5
94.7309507522732,813.3443333208561,18.922070623375475,Site 3,5
10.417956323362887,833.0810621846467,6.198580528143793,Site 1,3
71.38389414176345,931.4584599807858,23.40216191369109,Site 2,4
70.57437389157712,842.0134456362575,19.0895234933123,Site 1,8.5
43.56518709100783,784.6200743690133,1.3822405540850013,Site 1,3.5
3.6932360846549273,771.6379809658974,20.87901021586731,Site 3,5
39.92145822849125,814.990354469046,8.051542041357607,Site 3,6
45.114145684055984,831.8813278805465,8.710983820492402,Site 1,3
82.02934751752764,911.2644833046943,3.5351061960682273,Site 2,2
73.6905089346692,793.2006326504052,21.035012463107705,Site 1,4.5
36.64473523385823,817.915253341198,5.947904143249616,Site 1,4
98.44101737253368,905.9763664379716,5.770005931844935,Site 3,8.5
3.992166672833264,765.352295152843,9.025104931788519,Site 3,6
69.76085130590945,831.7146237008274,7.450448884628713,Site 2,6
43.55642267037183,778.2434474211186,16.81058728718199,Site 2,3.5
3.2236200058832765,862.7708807587624,11.6259433736559,Site 2,5.5
65.05947043187916,912.6437498722225,21.799511968856677,Site 2,3
97.63298982288688,822.3323522601277,12.857173813972622,Site 3,9
50.17418076749891,839.7613910958171,12.611376581480727,Site 2,5.5
20.82996154204011,869.7707559447736,19.29406180861406,Site 2,8
25.655203917995095,934.2739325482398,17.246311280177906,Site 3,6
53.79034087527543,924.080841941759,17.19514449359849,Site 3,8
50.17164933960885,764.272476779297,18.190375895937905,Site 2,6
86.1525607528165,933.8486903347075,6.751444097608328,Site 2,3.5
84.93910627439618,772.9408786166459,15.393476554891095,Site 1,5
52.47649552766234,803.9708983153105,19.741328730015084,Site 3,6
87.10990950930864,819.4380551576614,6.279364478541538,Site 1,6
89.72952046897262,774.1870577447116,4.981378559023142,Site 3,7
96.61703032907099,868.167790165171,11.794088874012232,Site 1,4.5
29.362748167477548,875.2729184459895,6.524960283422843,Site 3,6
66.88070909585804,772.8685569018126,5.5401744961272925,Site 2,3
89.54894838389009,892.2360865399241,13.75366939464584,Site 2,2.5
50.90964443515986,799.0354147274047,12.040088244248182,Site 1,5.5
26.14206182770431,886.9627644307911,9.384519059676677,Site 3,7.5
54.934720299206674,859.3690084293485,24.68763498472981,Site 3,4.5
15.30240650754422,795.0032334774733,4.861448728479445,Site 3,8.5
2.1815781015902758,771.6909895185381,19.76332250633277,Site 2,7.5
80.63666191883385,902.4850426707417,22.21587778767571,Site 3,6.5
77.46318036224693,791.7096449993551,14.755567535758018,Site 1,5
86.330984137021,766.2111180834472,21.015511639416218,Site 1,4.5
42.62478712480515,856.9732118863612,1.4913005463313311,Site 1,5
50.86945847142488,924.8889660928398,20.09052684297785,Site 2,5
47.34508648980409,893.6941283289343,6.28702740650624,Site 1,5.5
19.73754637874663,902.4386819917709,2.417680068174377,Site 2,1.5
87.80804749112576,915.4616226442158,4.284518351778388,Site 2,4
45.50253911875188,813.6842615436763,20.646924729226157,Site 1,4
5.976572935469449,764.8735606577247,23.335867130663246,Site 3,6
84.5034359022975,948.1268867850304,6.036265264265239,Site 1,4
37.61667860671878,754.0147015824914,11.972008435986936,Site 2,4
43.630097480490804,885.2922858204693,9.404357889434323,Site 2,7.5
13.775177276693285,889.9358711671084,15.770589740714058,Site 2,4.5
79.48679102119058,949.1377165541053,6.477166805416346,Site 1,5.5
18.67158724926412,913.4117897599936,6.629631639225408,Site 2,6
22.47568427119404,836.4296341314912,13.496657140785828,Site 3,8
84.01206859853119,913.8369855936617,7.154067215742543,Site 2,2.5
16.449996107257903,848.702024621889,20.38576918421313,Site 3,4.5
64.01286874897778,909.8760361317545,11.013489152537659,Site 3,4
60.2863430744037,901.2144186068326,15.587305621011183,Site 2,0.5
13.163873949088156,922.2967097535729,7.44842907297425,Site 2,7
19.22781988978386,904.9385542981327,23.631384182954207,Site 2,5.5
32.847714773379266,863.7094699777663,12.17936321045272,Site 3,10.5
76.67485072743148,804.5205023605376,16.57884888118133,Site 3,9
27.787199686281383,842.8163070231676,7.513276650570333,Site 3,10
4.413601499982178,801.1056024581194,16.40108594438061,Site 1,5
76.32786759641021,861.3342996686697,20.769337977981195,Site 3,8.5
65.56072304956615,861.8955164216459,23.88323476188816,Site 2,5.5
78.92338649835438,940.1421388145536,14.579052606131881,Site 2,1
79.35351612977684,918.7188115436584,6.7731188086327165,Site 2,2
17.092085001058877,835.7201921753585,16.45379059482366,Site 1,8.5
85.33004636410624,907.8490014653653,20.47470515826717,Site 3,5
29.954437562264502,918.4039859101176,24.03467734111473,Site 2,4.5
5.117372516542673,857.9964856617153,1.5727367019280791,Site 3,5.5
71.8177716480568,766.9630181510001,7.67748907674104,Site 1,7
15.188975585624576,946.6338678728789,12.396713864291087,Site 1,9
35.92880195938051,830.2561664953828,24.368913983926177,Site 1,5.5
11.079299892298877,801.4815573114902,21.992206387221813,Site 2,5.5
71.13704367075115,765.9270771313459,12.263331335270777,Site 3,6
77.48304649721831,887.9382415674627,1.5816748957149684,Site 2,4
4.294261592440307,940.7489799428731,14.051443099742755,Site 2,5.5
97.26982086431235,813.7957950588316,0.7981339760590345,Site 3,4
93.3823341038078,762.9545849282295,5.920341634191573,Site 3,8.5
9.826786164194345,929.7536804806441,0.9732400008942932,Site 2,2.5
74.15354021359235,810.67038862966,19.424213521415368,Site 1,6
3.7862106459215283,930.7818936184049,8.312172605656087,Site 1,6
84.13169279228896,870.0707067735493,1.295645791105926,Site 3,5
1.5962789067998528,821.1629937402904,7.733897434081882,Site 2,3
34.888933575712144,801.3930997345597,24.828136572614312,Site 2,4
11.38952779583633,857.7659701462835,0.9978355199564248,Site 1,4
25.926718534901738,767.5089314579964,1.3014934782404453,Site 2,3.5
83.18760201800615,939.6395198069513,13.703910412732512,Site 3,3
73.2471100287512,843.9854941796511,12.279122282052413,Site 1,6
47.310130461119115,822.1610350999981,5.882974917767569,Site 1,5.5
49.08517496660352,828.9205031469464,11.864312866237015,Site 2,4
18.96567821968347,782.0235192775726,16.594799532322213,Site 2,7
11.859916057437658,850.2583157736808,7.7949677186552435,Site 2,2.5
52.373021678067744,789.8583123460412,0.7484259142074734,Site 1,7.5
33.921146276406944,800.7955023553222,13.91713414923288,Site 3,7
11.278666951693594,822.2473089117557,11.600172385806218,Site 1,2.5
64.3530725967139,754.2649196926504,1.276717270957306,Site 3,7
34.65195596218109,792.8903510794044,20.77159634209238,Site 1,5
22.823946992866695,802.5533749256283,10.672113508917391,Site 1,6
22.301832167431712,782.2246673051268,12.080165941733867,Site 2,7.5
49.253400904126465,900.6751096341759,20.724366762442514,Site 2,3.5
78.56133533641696,921.9834504649043,16.04438071954064,Site 3,7.5
15.41564071085304,765.7211247365922,1.6443829576019198,Site 2,1.5
92.7119993371889,838.7347668409348,13.122085307259113,Site 1,4
95.10683799162507,878.0636291019619,13.68792689172551,Site 1,7
10.105450474657118,758.3936950657517,4.858952009817585,Site 2,4
96.8853791244328,751.1013194452971,9.756737499265,Site 2,1.5
68.39168018195778,765.965797752142,14.029048342490569,Site 3,2
35.67492787260562,783.4116030484438,23.043994995532557,Site 1,4
58.244122890755534,927.2531936410815,21.964610018767416,Site 3,4
37.09882653784007,882.5952203013003,5.038433248410001,Site 2,4
75.8829420665279,869.7457470931113,4.6484581485856324,Site 3,10.5
90.8553073182702,785.1879359222949,24.70904369256459,Site 2,8.5
1.2467757565900683,896.7230859212577,10.65615996485576,Site 3,9
96.85990933794528,877.9618296772242,8.53567675803788,Site 2,4.5
1.9367159809917212,900.8330503012985,13.469871738925576,Site 1,7
75.31554596498609,843.8474691938609,9.862235723994672,Site 1,8
98.10942609328777,922.5598073098809,19.11541868466884,Site 2,6
51.00821605883539,822.6088385563344,20.60776033322327,Site 1,6.5
54.01231574360281,890.616821218282,12.946528691099957,Site 2,3
37.10591560229659,827.3253813385963,6.948955974075943,Site 3,12
29.070056113414466,916.0968759097159,2.8111246472690254,Site 3,3.5
80.66802623216063,933.6017143912613,4.93397016543895,Site 2,4.5
21.589593030512333,850.8926240727305,9.311034297570586,Site 2,1.5
29.078673664480448,903.9420284796506,19.568139989860356,Site 2,5
6.407510745339096,894.1070334985852,10.289910167921335,Site 1,3.5
90.95572018995881,793.2679698802531,13.563777308445424,Site 2,6.5
99.31239697616547,802.6569828391075,14.717709156684577,Site 2,5
47.07069543655962,899.4327670894563,12.03459216048941,Site 2,3
59.099969221279025,927.1075828466564,15.820301847998053,Site 3,5.5
79.21969594899565,873.6447686329484,21.15183999412693,Site 2,6.5
8.170593902468681,810.0907287560403,16.324075148440897,Site 2,8
94.81298408936709,809.4255164731294,3.6902236461173743,Site 1,5.5
60.39831561502069,806.4556097146124,7.565971836447716,Site 3,10
48.09676681179553,753.4791500773281,22.943455481436104,Site 2,5.5
98.71983763296157,896.0402965079993,22.757733130129054,Site 3,5
34.58813661709428,801.0218505747616,23.08605060679838,Site 2,8.5
70.36330443806946,778.1842210330069,1.8848600564524531,Site 1,3.5
99.21942364890128,893.6678980011493,13.438895804574713,Site 2,5
64.1978137427941,875.2635467797518,1.7180984956212342,Site 2,2
42.2169758239761,817.3313741572201,5.5723852186929435,Site 3,11
31.976985814981163,815.959982201457,9.172472974751145,Site 1,9
31.506593246012926,780.7290265802294,13.111846026731655,Site 3,4
8.311559329740703,750.5326539743692,0.461933616315946,Site 3,6
99.95746484491974,826.7136581707746,19.24482272588648,Site 3,7
8.510296558961272,908.235333673656,2.3168993240687996,Site 3,6.5
90.42563554830849,821.5701641514897,15.24731771205552,Site 2,4
93.82022866047919,813.2783240638673,13.722290727309883,Site 2,6.5
50.980741530656815,751.5562740154564,8.056536084041,Site 3,9.5
61.10474031884223,908.5295586381108,5.442796973511577,Site 1,4
10.53183174226433,937.5213268678635,22.431194270029664,Site 2,4
48.225221782922745,891.9902563095093,18.77953500370495,Site 2,3.5
47.45230742264539,827.1807494107634,2.7386902715079486,Site 3,7.5
36.003641854040325,913.6870353482664,23.392503475770354,Site 3,5.5
19.656715751625597,870.474762795493,3.105630457866937,Site 2,3
14.488366479054093,941.1829722113907,11.855017329799011,Site 1,3
63.0736761726439,796.9809658825397,15.178498975001276,Site 3,5
42.42646044585854,839.8725118488073,20.755222666775808,Site 2,5.5
94.45057914126664,817.2669391613454,1.2523817247711122,Site 2,1
7.506136316806078,781.03461205028,0.6140093668363988,Site 2,1.5
23.018045304343104,869.8963108006865,4.45869286195375,Site 3,8.5
88.8532412238419,917.3740820027888,22.70145280053839,Site 1,6.5
13.248936249874532,945.2248687855899,5.794129706919193,Site 2,2.5
85.91218495275825,897.6132593117654,1.9381393562071025,Site 1,3.5
73.39662592858076,842.2653620131314,20.79316682065837,Site 3,5.5
17.80212800949812,845.4806302208453,8.582460327306762,Site 3,6.5
49.54824801534414,854.0334487799555,24.743927392410114,Site 2,11.5
30.914988019503653,926.0102627333254,24.7634336410556,Site 3,5.5
45.80561574548483,754.5950942207128,16.349783912301064,Site 1,9
81.63257723208517,802.191784279421,12.009626475628465,Site 1,10
57.01512305531651,869.0377958118916,11.724136350676417,Site 3,7.5
53.389203967526555,908.6462068837136,20.244686177466065,Site 3,6.5
80.36605569068342,793.7640017829835,19.498637912329286,Site 3,7
62.67352143768221,917.2902565915138,12.105124577647075,Site 3,9.5
23.483150475658476,915.4067261144519,21.097960439510643,Site 1,3
17.185144941322505,818.2593730743974,22.16042887303047,Site 3,5.5
46.3551924796775,902.8373547364026,18.509920133510605,Site 3,6
29.665924049913883,805.1663160324097,6.503700080793351,Site 1,4
74.26130762323737,875.1829436980188,4.35952945263125,Site 3,7
30.427961866371334,920.34324798733,23.72643374837935,Site 3,3
56.71724935527891,769.5285444613546,22.261115693254396,Site 1,5.5
51.414406788535416,776.9199500791728,12.588219938334078,Site 3,5.5
97.39924606401473,753.5502044484019,15.707461204146966,Site 2,8.5
99.79738409165293,836.089588701725,15.818716597277671,Site 3,8
55.33324151765555,877.2642446216196,7.598502945620567,Site 2,2.5
26.38250773306936,797.6801213808358,14.441308280220255,Site 3,5
22.949772072024643,809.8093003965914,7.93206809903495,Site 2,4.5
61.40162760857493,839.0181322116405,18.763978104107082,Site 1,3
75.47439422924072,865.0064546149224,1.2939654174260795,Site 1,2.5
29.296442470513284,899.325328366831,16.464588267263025,Site 1,2.5
96.06531087774783,868.6280085705221,3.840852074790746,Site 3,8.5
48.63062899094075,928.9457758422941,20.93595116166398,Site 1,4
12.275940249674022,763.1685859523714,6.891515047755092,Site 2,3.5
66.8640828691423,885.9260772354901,18.759068474173546,Site 3,5.5
65.7360749784857,820.5992901232094,8.28667845344171,Site 1,5
61.56925328541547,752.49580941163,5.610362131847069,Site 1,6.5
53.960799891501665,843.4939922764897,20.287764666136354,Site 1,8.5
43.76235974486917,936.4155794959515,9.881842142203823,Site 1,4.5
74.09144570119679,797.6947803981602,9.845544915879145,Site 2,5
80.2837946685031,782.7612961176783,4.517772956751287,Site 3,12.5
26.74194963183254,891.7256901040673,4.304278758354485,Site 3,7
11.361975478939712,763.5929989628494,22.312423586845398,Site 1,6.5
5.491222464479506,879.8220913857222,16.307595756370574,Site 1,5
95.89826243463904,856.5227812156081,3.788614831864834,Site 3,5.5
90.55177776608616,928.6340236198157,14.315630157943815,Site 3,7
53.7072911625728,940.8773384056985,2.5359829945955426,Site 2,6.5
54.26479671150446,838.4416370186955,4.032130405539647,Site 1,2
79.07738485373557,924.9171066563576,15.845288569107652,Site 1,5
4.1969009675085545,796.5821684803814,16.371132264612243,Site 3,7
11.744792037643492,838.5494626592845,0.7290351088158786,Site 1,5.5
71.35812256019562,779.1632061824203,5.073865840677172,Site 1,4.5
29.602775536477566,894.2494804039598,16.720965318381786,Site 2,9
80.49100243952125,802.335466304794,23.20267193717882,Site 1,5
94.38253031112254,879.004719061777,10.45877460273914,Site 1,6
37.746533239260316,945.0600585434586,10.487150138942525,Site 2,3
64.37907256186008,926.5959053300321,20.25557497399859,Site 2,7
17.928502173162997,907.8481920529157,24.089749454287812,Site 1,9.5
74.65368690900505,822.9940422810614,16.6656103101559,Site 3,4.5
41.54357984662056,917.4243411049247,5.975184368435293,Site 3,11.5
80.68839218467474,914.5121815614402,0.9737215470522642,Site 2,3.5
21.657370147295296,927.6216473430395,24.443521350622177,Site 2,6
63.68795312009752,764.8597779218107,21.498571999836713,Site 3,6.5
0.7037776987999678,773.3497481327504,23.02564304554835,Site 3,4.5
81.02263421751559,778.4562493674457,13.157196308020502,Site 3,4.5
7.538339728489518,838.993793586269,1.6493882751092315,Site 2,2.5
53.19076052401215,936.2282049376518,12.72885572980158,Site 1,6.5
22.557810647413135,907.7196167316288,11.437694256892428,Site 1,7
44.52297864481807,873.907765885815,4.146271955687553,Site 3,11
96.69741909019649,841.0135435406119,24.962640419835225,Site 1,6.5
62.94840415939689,848.8588888663799,21.281546936370432,Site 1,5.5
31.869002850726247,856.5106228459626,17.786064400570467,Site 1,6.5
56.73313874285668,861.6548532620072,1.5359437500592321,Site 3,5.5
66.43159196246415,939.8354569915682,7.69623511005193,Site 1,8
75.44256239198148,946.7342170421034,15.485123847611248,Site 1,4
88.58210383914411,882.0543417241424,18.224283267045394,Site 3,5.5
60.60483504552394,918.0625526234508,15.170598740223795,Site 2,7
53.31878871656954,910.6954079587013,1.7711878928821534,Site 2,2.5
61.56126570422202,874.1262713447213,24.639162298990414,Site 1,6.5
8.897626772522926,792.4583381973207,24.066950829001144,Site 1,3
7.400127360597253,788.3412626106292,0.40790883358567953,Site 3,4
86.31696959491819,854.3097950983793,21.00069106090814,Site 1,6
30.443357932381332,765.1856261771172,24.395285360515118,Site 1,7
4.8307959688827395,936.2210407853127,20.442192250629887,Site 3,7
72.45333413593471,892.3926335759461,4.649134614737704,Site 2,3.5
80.82024659961462,872.5445542484522,18.106905109016225,Site 3,7
11.919746431522071,825.7358354050666,19.888727884972468,Site 3,6
97.38803810905665,772.0484069082886,12.587794073624536,Site 2,8.5
20.937210903503,751.2425110209733,3.618945414200425,Site 1,4
85.8197275083512,776.1149624362588,5.768013856140897,Site 3,11.5
12.796202232129872,789.2015377059579,7.888856157660484,Site 3,14.5
35.28315976727754,771.8371190130711,24.232431297423318,Site 3,3.5
17.575167235918343,932.1368443313986,0.6321918917819858,Site 2,5
96.18877943139523,769.4706556852907,11.455450084758922,Site 3,5.5
10.703824157826602,927.2273160517216,6.865541118895635,Site 2,5
72.09966538939625,815.8831436187029,20.834635954815894,Site 3,5.5
52.86328059155494,773.8300856668502,16.64756445097737,Site 3,6.5
93.68109572678804,920.4734812956303,9.653237293241546,Site 2,3
38.04773292504251,880.7680670637637,10.506439639721066,Site 1,9.5
92.05551808699965,918.3254600036889,18.712381058139727,Site 2,6
96.3983177440241,810.5338067747653,15.494484169175848,Site 3,7.5
31.261594546958804,895.9369360934943,14.866060146596283,Site 2,1
75.87858424521983,882.1697338018566,14.395090145990252,Site 2,2
49.62193614337593,760.6444214936346,1.2818595976568758,Site 1,4.5
64.2680702265352,849.0487826056778,1.5803589310962707,Site 1,7
30.140695767477155,903.0804946552962,7.87611921550706,Site 1,5.5
59.90405206102878,842.9913733154535,15.497195953503251,Site 2,4
24.69496438279748,820.5419885925949,8.9043479529209435,Site 2,2
92.4392765853554,939.7450611926615,16.85014854883775,Site 2,3
6.551260896958411,901.480896724388,20.220082940068096,Site 2,5
15.130043146200478,761.0168735031039,14.550639857770875,Site 1,2.5
92.71477651782334,819.3747512530535,3.0422779847867787,Site 3,4.5
88.44617870636284,843.8369293697178,8.962533139856532,Site 3,14
44.12998321931809,770.9880423266441,4.155614512274042,Site 3,10
7.078497461043298,883.7157663423568,22.480285819619894,Site 2,4
96.93966307677329,875.9697925765067,4.100971791194752,Site 2,1.5
82.79269393533468,792.5416220445186,13.074417418101802,Site 3,7
28.77570514101535,763.1021183915436,2.1191478765103966,Site 1,5
53.561871498823166,812.2099173255265,1.8757825891952962,Site 3,4
84.67742083594203,853.3998474944383,0.03387460019439459,Site 2,5
65.06815429311246,780.7995819021016,6.9975450343918055,Site 1,6
13.053051684983075,946.8947627581656,23.90585618559271,Site 2,10
27.543200040236115,891.4526287000626,19.880881533026695,Site 2,3
50.97572735976428,838.4922575205564,17.855341569520533,Site 2,5.5
37.099516997113824,851.7951667308807,12.837774341460317,Site 1,5
90.57304603047669,768.6499865259975,10.790173872373998,Site 1,3
33.596747484989464,830.6138529907912,17.003809800371528,Site 2,4.5
97.2804079996422,875.6698818411678,4.839623294537887,Site 2,5
55.89023653883487,908.8840486016124,0.8443889732006937,Site 2,2.5
28.411084390245378,799.2264131549746,19.56367503735237,Site 2,7.5
85.35335091874003,770.8528668154031,6.1517223657574505,Site 2,4
82.56393005140126,834.4805283471942,20.873813814250752,Site 3,7
10.518862446770072,908.9343767147511,19.791756430640817,Site 2,5.5
9.619880770333111,880.1335338503122,8.492642035707831,Site 3,8
95.18844394478947,781.7684089764953,17.37264242838137,Site 2,4
81.90972332376987,857.2652495931834,1.9552041660062969,Site 2,2.5
43.89690128155053,855.0043771974742,9.724170208210126,Site 3,4.5
59.55471827182919,814.6842774003744,23.69075277238153,Site 2,7.5
71.67161738034338,809.9458745215088,11.682272126199678,Site 2,3
26.31707638502121,931.20858957991,17.286224919371307,Site 1,4.5
53.58634968288243,852.8240757063031,8.787524816580117,Site 2,5
43.61026657279581,937.1537300758064,19.50495927594602,Site 3,5
77.83986248541623,915.792224695906,18.852382618933916,Site 3,4
51.16331160534173,906.8794562015682,15.837007795926183,Site 2,4.5
40.20290742628276,896.1500376462936,2.432980452431366,Site 3,6.5
57.540407637134194,852.7077968232334,20.377250557066873,Site 3,6
49.36394102405757,909.1646665241569,11.399673868436366,Site 1,5
17.50942450016737,892.7914526779205,21.67670445633121,Site 1,7
37.94696559198201,817.1804986894131,14.547572215087712,Site 2,6
79.63313546497375,894.6121693123132,18.747838359558955,Site 3,7
95.90249673929065,790.2688509784639,23.033412045333534,Site 3,3.5
36.580845201388,826.1611644178629,7.087945914827287,Site 3,9.5
39.52282867394388,870.1225217431784,20.48058225773275,Site 3,2.5
29.075074032880366,821.1082702502608,21.857966092647985,Site 1,3
40.966774499975145,770.5845707561821,1.3112249376717955,Site 1,3.5
70.51882594823837,869.6155535057187,10.061721137026325,Site 2,3.5
40.95228023361415,819.7900863364339,22.193532745586708,Site 2,7.5
15.026895934715867,753.046285174787,21.050734276650473,Site 3,6.5
60.773226781748235,923.9754394628108,21.650039561791345,Site 1,3.5
71.95232473313808,846.8739402480423,13.529760588426143,Site 2,6
1.771669602021575,885.6443767435849,11.024323053425178,Site 3,7.5
9.016968798823655,773.4302408993244,18.664912442909554,Site 3,6
57.32137933373451,771.493737353012,7.999804645078257,Site 2,3.5
98.73670155648142,936.9395837187767,5.526950809871778,Site 1,5
36.859383853152394,872.352063190192,10.318891220958903,Site 1,6.5
23.006773181259632,946.3956946972758,21.824914775788784,Site 3,3.5
94.84510784968734,905.3343266248703,14.061713346745819,Site 2,3.5
4.537791875191033,862.7090782858431,6.850426364690065,Site 2,1.5
2.1470807027071714,885.0758148822933,13.386306870961562,Site 3,4.5
31.794638908468187,835.1890961173922,14.919606957118958,Site 1,6
36.7392010288313,790.3892571572214,12.805796443717554,Site 1,7.5
30.889568687416613,862.3178048059344,6.269325508037582,Site 3,7
63.56489956378937,933.5812896955758,17.231089965207502,Site 1,9.5
66.04041801765561,838.8690283987671,5.575010343454778,Site 3,4.5
69.1627150401473,765.6063634436578,1.3779156957753003,Site 1,6
81.45131620112807,931.8909110501409,15.873089875094593,Site 2,8
42.127715330570936,772.640855005011,15.4080115549732,Site 2,5
74.75884368177503,761.0606947913766,14.38620172557421,Site 3,6.5
52.1684798412025,852.89983581751585,22.722016496118158,Site 2,4
54.94274499360472,917.279715416953,3.3564431127160788,Site 1,2.5
46.25063082203269,904.7273968346417,3.201154340058565,Site 2,6.5
89.92605204693973,872.4079220555723,9.471241082064807,Site 3,11
64.81025302782655,752.1360503975302,22.348463552771136,Site 1,4
22.029160102829337,875.129768345505,21.13518113619648,Site 3,4.5
71.98250582441688,785.2368344552815,1.4122933091130108,Site 2,8
28.01782770548016,831.3236463349313,14.322326163528487,Site 2,7
79.85565748531371,806.132971169427,14.374809613218531,Site 3,8
25.995474099181592,833.5198080167174,24.299499130574986,Site 3,7.5
1.6891725361347198,851.1354084592313,12.313935271231458,Site 2,2.5
16.22370055411011,890.6319202855229,3.9165135531220585,Site 2,5.5
34.759237710386515,780.6370381265879,16.237879602704197,Site 1,5.5
12.649859138764441,948.2713349629194,16.89437622553669,Site 3,10
68.3973737526685,879.5108112506568,0.06178546464070678,Site 1,4.5
42.0628065476194,852.1382602397352,8.209542295662686,Site 3,10
65.80960741266608,853.1850019004196,18.396991404006258,Site 3,5.5
40.838003903627396,792.2468419652432,13.757229055045173,Site 2,4
98.68095631245524,758.1707586534321,6.016156153054908,Site 1,6.5
46.64731817319989,811.4390322938561,17.48977480456233,Site 2,7.5
76.93566274829209,829.2022428009659,10.366444732062519,Site 1,9.5
31.445569777861238,906.3487250357866,21.329194930149242,Site 3,4
42.68577923066914,791.0639693494886,23.938034975435585,Site 1,5.5
4.893238143995404,814.0417241025716,11.226435494609177,Site 3,6.5
49.08566880039871,940.1070782449096,10.483042983105406,Site 2,0.5
68.2510482147336,790.8751722425222,2.110791631275788,Site 3,4.5
66.06199643574655,900.54523749277,0.7771259173750877,Site 3,3
14.936631871387362,906.4810802228749,11.085853428812698,Site 2,3
39.4056280143559,816.5308674797416,24.63601638446562,Site 1,5.5
79.91541076917201,823.7236608751118,0.7444382878020406,Site 2,3
19.721860252320766,932.6436127070338,16.670593060553074,Site 3,6.5
92.41818657610565,830.7304515037686,2.641336340457201,Site 2,2.5
55.925778299570084,849.0524034481496,4.978418647078797,Site 1,4
85.7090232660994,881.4593662507832,24.991887103533372,Site 3,3.5
97.00086878146976,790.023741684854,20.04993607988581,Site 1,4.5
45.000352477654815,937.0914650149643,0.4148020700085908,Site 3,6.5
40.059080300852656,876.1632180772722,24.768245994346216,Site 2,8.5
15.259664342738688,933.5496398154646,15.942725428612903,Site 1,4
44.93155984673649,888.0440664943308,9.263240039581433,Site 3,4
82.63645330443978,767.0498695690185,17.617851466638967,Site 1,5
10.992922051809728,779.2340484447777,12.39885077229701,Site 3,10
20.69703657180071,752.9681621585041,4.33889803243801,Site 1,3.5
18.71018980164081,822.3605398088694,1.8945369287393987,Site 3,4.5
3.9779111044481397,841.6680271271616,17.605930799618363,Site 1,2.5
39.58712725434452,800.2504354342818,22.819498484022915,Site 3,5
47.869435930624604,934.1309001203626,10.860940051497892,Site 2,2.5
74.45768911857158,829.8868041019887,23.4278466028627,Site 1,3.5
37.99945448990911,934.3258318025619,9.669846115866676,Site 2,2.5
38.171544997021556,797.9458031710237,16.276883543469012,Site 1,5.5
72.15509293600917,900.1350112725049,22.14059776160866,Site 3,3.5
72.83191927708685,810.749490140006,18.575805088039488,Site 1,5
84.47666310239583,942.8846220951527,2.6229742856230587,Site 3,4
72.19732517842203,842.4573947209865,18.883128801826388,Site 2,11
80.18316966481507,914.6686719264835,0.13369288644753397,Site 2,2
7.9966653836891055,764.5457138307393,8.869269420392811,Site 3,10.5
14.07910119742155,915.6609427649528,1.712953537935391,Site 2,2
50.290934182703495,767.3606390599161,0.4609139636158943,Site 3,6.5
63.53645510971546,842.4543735105544,10.12499111238867,Site 1,7.5
23.951651575043797,927.9009043704718,17.126981436740607,Site 3,7
23.648738907650113,792.3701571766287,21.231099625583738,Site 3,4.5
35.755551559850574,803.1418004073203,16.17552203242667,Site 1,3
82.15331225655973,756.2441212590784,10.564307740423828,Site 1,5.5
22.805107734166086,874.3758679367602,20.460390468360856,Site 2,3.5
17.139129317365587,835.8160770963877,1.728216279298067,Site 3,6.5
18.55400982312858,932.0161489769816,11.463912070030347,Site 2,4.5
65.754519565962255,852.0673342514783,21.294633828802034,Site 3,4
21.99161145836115,794.6639670524746,11.763420392526314,Site 1,11.5
59.78762563318014,875.8718829602003,2.8811165364459157,Site 1,3
95.77976991422474,932.1231745649129,11.949273134814575,Site 2,5
94.45946412160993,889.205704536289,22.608463041251525,Site 2,5
2.5463765719905496,829.8046200536191,7.093554676976055,Site 3,12.5
4.763446049764752,879.4049865100533,14.809345360845327,Site 1,3
48.221296328119934,799.1426766384393,9.585352096473798,Site 1,6.5
28.058556700125337,782.0282421540469,19.887113984441385,Site 3,8.5
87.0316736632958,833.3742414601147,12.368258851347491,Site 3,6.5
51.25724172685295,889.917973568663,5.199503223411739,Site 2,2.5
24.168200814165175,778.5757632926106,14.607190852984786,Site 1,5.5
58.6315804393962,797.0982890576124,20.659092545975,Site 2,3.5
3.719939081929624,872.4416201934218,6.628140207612887,Site 2,7.5
70.96031471155584,776.7798886634409,4.883336782222614,Site 1,4.5
99.51439304277301,909.6641471609473,8.082011615624651,Site 3,10
36.732151661999524,842.9321724455804,9.54342344775796,Site 1,5
86.57536464743316,829.6698045451194,23.53244471596554,Site 3,8
49.2810612777248,793.2660069316626,15.63087510294281,Site 1,5.5
85.98093972541392,781.4057329669595,16.61484498763457,Site 2,3
36.19654858484864,931.8437785375863,14.523336244747043,Site 3,8.5
4.703117348253727,763.3943809196353,12.36580463591963,Site 3,6.5
46.931700804270804,939.603368844837,24.279589141951874,Site 3,2.5
66.82192063890398,796.8949551694095,14.756507455604151,Site 1,5
97.40892872214317,793.041603313759,1.1628378822933882,Site 1,2.5
16.89365874044597,913.9371112454683,21.63300550309941,Site 3,4
60.11421189177781,838.6494024191052,6.873266212642193,Site 2,4.5
40.93002378940582,899.3247115518898,13.636544567998499,Site 2,4
22.67310752067715,786.1796712037176,9.007268329150975,Site 2,4.5
97.2167412051931,809.6306926105171,9.798868949292228,Site 1,4
3.1470366986468434,903.9408711250871,18.50254941964522,Site 2,4.5
91.83984366245568,866.5194632019848,13.502921763574705,Site 3,6
80.49969836138189,789.7931825835258,11.05464631691575,Site 2,4
48.769481759518385,898.0894039850682,12.958133302163333,Site 1,7
60.045789810828865,780.9049822855741,5.157972953747958,Site 3,10.5
18.55775471776724,771.2104525882751,20.32656227820553,Site 2,5
80.41100851260126,900.6365288048983,1.7430335225071758,Site 2,2.5
61.55401994474232,812.6181034371257,16.247899254085496,Site 2,4.5
43.494287924841046,861.1885258927941,17.616609518881887,Site 1,6
55.02799449022859,823.270937660709,19.84493642230518,Site 3,2.5
45.43083880562335,814.5467528142035,9.891298261936754,Site 2,3
12.600934156216681,921.7294492293149,23.229725850978866,Site 3,6.5
85.47311285510659,833.674284722656,2.3962147359270602,Site 1,5.5
40.650855703279376,859.8697286564857,20.5178250616882,Site 1,7
7.546622189693153,898.9020055625588,3.638062288518995,Site 1,3
17.912943218834698,849.1055983584374,4.399617307353765,Site 1,5.5
49.163739336654544,786.2049142830074,13.573839335003868,Site 3,5
57.02814990654588,807.642276911065,17.120387364411727,Site 2,7.5
85.7580489013344,873.4035694971681,6.958421156741679,Site 3,7.5
97.04017254989594,945.9575165994465,16.425881633767858,Site 1,5.5
15.986355626955628,914.9311729706824,7.670724269701168,Site 1,5
44.941129768267274,844.4291695952415,3.5049884754698724,Site 1,6
90.50557124428451,924.528738996014,24.862704577390105,Site 3,2
7.757173967547715,947.0644081011415,13.519456336507574,Site 3,5.5
95.16162963118404,939.446132350713,22.762148740002885,Site 3,3.5
44.28229448385537,854.6086449176073,1.4091583725530654,Site 1,3
67.00747746508569,927.2011095192283,15.746811364078894,Site 1,4
85.42730987537652,774.3794965557754,18.606337276287377,Site 2,6
97.67348065506667,780.9750511310995,20.9029009740334,Site 1,3
39.76358799263835,809.8751590121537,16.49474938167259,Site 3,9
17.810704559087753,876.7180339433253,4.056979634333402,Site 1,4
88.05577296297997,756.5673239063472,15.452834393363446,Site 3,3.5
46.15621778648347,834.1923183295876,16.73941560438834,Site 3,8.5
79.71474933438003,774.3684264831245,5.86040829657577,Site 2,3.5
24.842427391558886,769.3362921942025,17.676149442559108,Site 2,6
27.7950368123129,883.4805518388748,24.18252190691419,Site 2,7
78.17514596972615,881.5103981643915,0.22046795929782093,Site 2,4
26.04998047463596,858.4526229649782,16.88354086363688,Site 2,3
43.26049087103456,784.0675781015307,6.369542563334107,Site 2,4.5
79.9898027209565,931.4686570316553,16.548405663343146,Site 3,5
65.8815378556028,750.2824893221259,10.478673537727445,Site 2,3
38.44391591846943,843.3549911249429,17.341240833047777,Site 3,7
8.533478435128927,903.6629331298172,7.494770357152447,Site 2,4.5
39.503229316323996,913.1833674851805,6.7350740428082645,Site 2,3
0.965652265585959,848.8210832700133,3.3521572535391897,Site 2,2
74.84019661787897,876.7424291931093,11.448884976562113,Site 2,3.5
2.3094426840543747,791.5278762113303,22.876948968041688,Site 3,5.5
98.64302328787744,917.1932242810726,17.745385481975973,Site 2,3
66.62696343846619,756.2715127132833,14.274006494088098,Site 2,8
11.837427457794547,876.523764198646,1.4086449577007443,Site 2,4
78.77354375086725,763.6683720629662,3.260524128563702,Site 3,5.5
74.74462182726711,787.6304477453232,18.7209187541157,Site 2,3
5.172794638201594,845.9470699541271,16.477441671304405,Site 3,4
87.2749014524743,843.9749325625598,24.813133443240076,Site 2,8
48.520628502592444,903.0715057626367,9.193656197749078,Site 3,5.5
76.69838711153716,770.6723557319492,6.1137190845329314,Site 2,3.5
88.57341292314231,852.1283243782818,19.069843139732257,Site 1,7
45.65978809259832,777.4108761455864,6.446541816694662,Site 3,10
30.052085570059717,914.4951997790486,16.100892069516703,Site 2,3
71.43074413761497,817.5985705573112,11.073325644247234,Site 1,4
58.83008323144168,920.8805503323674,2.06266432069242,Site 2,3
69.15328272152692,750.5483007058501,1.5453898173291236,Site 1,3
33.41102278791368,753.1590883154422,21.196832228451967,Site 3,7.5
91.90166955813766,868.457161122933,14.996740419883281,Site 2,4.5
74.940322688780725,921.4695258066058,11.037250305525959,Site 3,7.5
52.40177751984447,790.592204220593,19.29454928613268,Site 1,4
26.815447909757495,923.4443191904575,0.22476539597846568,Site 2,1
66.87773540616035,890.3551364783198,13.571444503031671,Site 3,7
95.32422460615635,811.0444256104529,11.626830464228988,Site 2,1.5
71.71913345810026,793.6306235380471,2.963068982353434,Site 1,4.5
10.101860016584396,780.8058110997081,2.2543833474628627,Site 3,8.5
22.126757469959557,796.7647956684232,10.701859323307872,Site 2,5
94.84076825901866,859.4021858647466,15.57177696377039,Site 3,6.5
67.92408761102706,773.6905812751502,1.451740157790482,Site 2,7.5
28.309544222429395,948.9529204554856,23.20199712412432,Site 1,7.5
2.1737816277891397,893.1929422542453,10.686958726728335,Site 1,4
41.2171037402004,924.9546189792454,11.157703504431993,Site 2,2.5
87.76885203551501,813.7594521045685,6.696337566245347,Site 2,0.5
88.66040036082268,818.7538698781282,11.905205791117623,Site 1,6.5
24.00647650938481,874.7502426151186,1.289833412738517,Site 1,4
43.10412050690502,931.0303270816803,19.036397547461092,Site 3,8
12.500860425643623,787.3392234090716,12.846663623349741,Site 1,4.5
97.1668163780123,924.2133723571897,23.136303038336337,Site 3,7.5
24.809722206555307,757.3333537671715,21.77998143597506,Site 1,2
20.3300716355443,775.7287568878382,2.2862572281155735,Site 3,8
38.065685727633536,757.5662884861231,7.587949268054217,Site 2,6.5
1.193163520656526,927.9108210001141,4.4028834090568125,Site 1,6.5
45.78293636441231,846.2120573036373,6.947039073565975,Site 1,7
53.34023942705244,871.7868905514479,7.596888794796541,Site 2,5.5
68.8746364787221,944.4578791502863,24.08119176980108,Site 1,9
35.968230152502656,936.790519952774,0.17942159320227802,Site 3,7
59.29557769559324,847.7062311489135,6.811030232347548,Site 3,9
45.626664115116,756.1338153202087,16.853765648556873,Site 3,7
50.01653512008488,810.9712006058544,2.8361932607367635,Site 2,3
9.676380036398768,766.7129765730351,7.939734612591565,Site 1,7.5
32.96910412609577,935.4099647141993,23.867603042162955,Site 2,7.5
57.08034387789667,783.2679580431432,5.848356510978192,Site 3,9
61.74950320273638,886.0243468545377,7.0708477578591555,Site 1,6
16.607186826877296,947.4613084923476,11.570453556487337,Site 3,7.5
72.61416469700634,846.1613513529301,6.597603234695271,Site 3,11
69.36532848048955,870.484033646062,14.956293243449181,Site 3,5.5
19.29505132138729,920.0307281222194,6.887737562647089,Site 3,7
94.93010628502816,778.9867437910289,14.706339273834601,Site 3,3.5
63.48821914289147,865.3612578753382,14.979617815697566,Site 3,7
67.92771951295435,853.0451024882495,11.577154597034678,Site 3,6.5
15.98456078208983,802.4538356810808,10.54278023657389,Site 3,4.5
9.008226194418967,943.4930631890893,15.311329590622336,Site 1,4
65.48093764577061,891.9851861894131,7.300836173817515,Site 3,10.5
44.421867560595274,926.3159591238946,5.513646791223437,Site 2,1.5
63.98225077427924,826.078603323549,14.202025474514812,Site 3,5.5
11.011441750451922,846.919486951083,1.8104622780811042,Site 2,3
18.59023936558515,864.8145334329456,19.60181383183226,Site 1,8
28.44336882699281,904.305267939344,10.05831885850057,Site 1,5
66.22157641686499,815.3722335584462,16.049707698402926,Site 1,6.5
35.451013781130314,828.335076989606,15.178436238784343,Site 2,8
16.34138773661107,859.2344793491066,10.27710914495401,Site 1,7
85.7193332631141,820.0872517190874,3.9202125917654485,Site 2,1
97.42465408053249,785.7757290825248,23.960255651036277,Site 1,6
67.26580862887204,912.119330232963,17.11021283408627,Site 3,4.5
53.85169798973948,937.2190473601222,21.74614683026448,Site 1,2.5
0.9133678628131747,883.544054813683,6.800433015450835,Site 2,6
81.27500945702195,903.1890452373773,15.424495964543894,Site 3,5
32.27433213032782,838.2403354160488,20.98820258397609,Site 2,7.5
65.02747123595327,770.4942992888391,4.631850100122392,Site 2,0.5
72.3449470475316,830.7586844544858,0.44067997951060534,Site 2,3.5
78.41307120397687,889.3983179703355,0.21641470375470817,Site 3,5
0.2873054938390851,855.0049932207912,18.424691655673087,Site 1,4.5
96.62138889543712,846.5066435281187,13.245397194987163,Site 2,7
97.79817122034729,938.9274722430855,13.671648304443806,Site 1,6.5
68.57477652374655,877.9825118836015,2.1100347628816962,Site 1,3
45.58387389406562,880.206774873659,14.26129654282704,Site 3,3.5
25.045308913104236,872.4136956036091,24.91098559112288,Site 3,3
80.36428797058761,848.24906620197,2.684723131824285,Site 2,2
25.941944867372513,883.0522209405899,21.170605457155034,Site 2,2.5
52.715713740326464,918.6219312716275,17.179385817144066,Site 1,5.5
52.566459868103266,946.9839510507882,8.687932940665632,Site 1,5.5
58.84934857022017,760.1728885900229,1.6075422579888254,Site 3,10
37.36239711288363,870.6480694934726,2.6743342517875135,Site 1,3
81.86851679347456,764.4145933911204,12.817698693834245,Site 3,9
57.96853294596076,760.4321649298072,15.851511241635308,Site 1,4.5
27.621158305555582,904.6285869553685,19.524749467382208,Site 1,6.5
83.37425019126385,890.3132586739957,24.42318644025363,Site 2,8
8.54188995435834,924.0521783474833,16.54321381356567,Site 1,10.5
35.662005469202995,763.7588274199516,5.670193611877039,Site 1,8
66.54236826580018,861.2760898657143,20.224922435590997,Site 3,4.5
63.32612670958042,883.2500067073852,7.642129255691543,Site 3,6.5
10.375856119208038,761.7424373980612,22.192682803142816,Site 3,6.5
50.70329671725631,886.3598167896271,15.29119442566298,Site 3,7
11.488984944298863,793.0167496670038,22.738450131146237,Site 3,7.5
98.57573369517922,926.7241773195565,12.134885363047943,Site 1,11.5
77.16058508958668,830.2052991930395,15.221713582286611,Site 3,6
52.561823721043766,836.7629815358669,9.083675808506086,Site 1,8.5
63.855582918040454,907.4498062953353,10.382714489242062,Site 1,10.5
79.98871179297566,913.4790843818337,6.621264357818291,Site 3,8.5
92.2452702652663,855.7497282512486,21.861526992870495,Site 1,3
99.57318550441414,807.3778057470918,10.432368493638933,Site 3,3.5
91.17872074712068,774.7788893058896,2.008683915482834,Site 2,3.5
73.06738381739706,852.3900695610791,4.912450339179486,Site 1,6.5
22.163406130857766,751.0250660590827,16.571985225891694,Site 1,4.5
0.02952332142740488,836.9596145115793,2.4852279806509614,Site 3,12
27.481638663448393,831.7356736864895,3.3398113737348467,Site 3,9
69.81912730261683,879.0591039229184,16.42324856366031,Site 2,2
18.557643052190542,919.555006083101,4.9442792776972055,Site 3,10
65.40365049149841,839.6734331734478,6.776936282403767,Site 3,11.5
21.236521378159523,869.5004400797188,20.420008181827143,Site 2,4
25.790750980377197,809.0965145733207,24.85124386730604,Site 2,4.5
53.36734224110842,881.0833157040179,4.856750648468733,Site 2,5.5
30.213043256662786,755.2140554878861,12.015322601655498,Site 1,4.5
14.184709452092648,876.4602968469262,13.312484114430845,Site 2,7
17.504099803045392,892.5156700890511,22.020688181510195,Site 1,3.5
74.47869514580816,759.9258755799383,4.629223211668432,Site 2,1.5
81.39560406561941,928.7743648979813,24.84002816490829,Site 2,8
65.52151923533529,871.865541767329,1.5142080141231418,Site 3,7.5
15.98575843963772,810.3250834625214,4.979193257167935,Site 1,5.5
79.07469898927957,825.2410098910332,21.502356027485803,Site 3,5
94.95340425055474,865.1970873586833,4.357522958889604,Site 3,11.5
54.176650126464665,901.6340003348887,0.012401596177369356,Site 1,6
51.69220622628927,775.335425697267,7.437244156608358,Site 3,7
94.80706367176026,790.1377659291029,16.997146158246323,Site 3,8
59.04220452066511,944.9667118024081,0.6714242103043944,Site 3,5.5
76.4974219026044,882.3438425082713,19.735753734130412,Site 2,5.5
39.30995117407292,792.3175094183534,18.511399917770177,Site 2,9
56.06306048575789,840.4172763228416,12.807065737433732,Site 1,4.5
2.9022475704550743,784.1289679054171,7.779905712231994,Site 3,16
84.44104713853449,760.1928344927728,19.258685049135238,Site 3,7
34.691522968932986,919.9314358644187,1.3032159651629627,Site 3,3.5
52.29713136795908,795.557410409674,15.200343733886257,Site 2,6.5
81.92604263313115,811.9441302958876,13.798728084657341,Site 3,5
55.616763699799776,836.759011214599,5.891382176196203,Site 2,5
10.595923569053411,872.1116034314036,6.443267286522314,Site 3,4
76.86348049901426,844.7822848334908,20.296701887855306,Site 1,5
92.0606232015416,934.140389598906,4.422610223991796,Site 3,8
28.302186145447195,942.2388589940965,5.4183560132514685,Site 3,7.5
68.9066162565723,752.6175034698099,6.1428143351804465,Site 3,9.5
48.67336987517774,891.461557848379,21.958442323375493,Site 1,3
62.17200253158808,827.1025949623436,18.685588357038796,Site 2,9
41.51580766774714,784.4397522974759,11.711364245275036,Site 2,1
35.318843252025545,865.5491609591991,2.5028265547007322,Site 3,6.5
61.629277328029275,771.5858907438815,7.062580587808043,Site 1,5.5
64.83212495222688,799.6977726463228,10.334745317231864,Site 3,5.5
69.89492238499224,833.4960672073066,16.122860787436366,Site 2,6.5
26.222533360123634,831.9067233707756,12.922273180447519,Site 2,5.5
55.608791997656226,939.3738153390586,17.507634731009603,Site 1,6.5
59.08464810345322,844.3867455702275,10.94911441905424,Site 2,4.5
93.6731755034998,926.6900882124901,19.249565538484603,Site 1,5.5
73.06684080976993,868.8220663927495,13.348199852043763,Site 1,3
8.763164188712835,879.1840295773,8.42931856168434,Site 1,4
22.456398117356002,834.5754030626267,15.18201565486379,Site 2,3.5
67.88834473118186,902.0995494443923,8.02389804739505,Site 3,11.5
49.19785314705223,883.0968295224011,24.333894083974883,Site 2,7
22.432803665287793,930.4897046647966,22.862053581047803,Site 3,7
80.04744139034301,804.6775592956692,2.3246413678862154,Site 3,6
77.33560150954872,899.615177558735,24.215673643629998,Site 3,6
22.28932010475546,826.2458703480661,20.472654257901013,Site 3,7
18.98443482350558,755.027783755213,14.416537713259459,Site 3,3.5
77.98455983866006,878.5712503362447,20.22362414863892,Site 2,7.5
31.67577078565955,881.2621413264424,15.494601387763396,Site 3,4.5
60.70141855161637,828.6607966758311,13.26401523547247,Site 1,5
80.476244376041,850.0417840667069,22.603047627490014,Site 1,2.5
27.533305482938886,856.6533534787595,8.085721603129059,Site 1,7
62.59058499708772,912.071785191074,9.976477170130238,Site 2,3
12.125711096450686,751.459540007636,10.048431670293212,Site 1,7
42.9254496935755,815.5492090154439,0.9938233473803848,Site 3,4
15.374842286109924,769.8300580494106,9.964482218492776,Site 1,5
50.75115866493434,902.0661862567067,23.52522619185038,Site 1,5
62.00945635791868,773.2185757253319,0.2191236475482583,Site 3,2.5
32.393536530435085,779.0153567679226,4.774378577712923,Site 1,4
21.301876148208976,783.8733887299895,16.654275020118803,Site 2,4.5
72.39992984104902,806.281075021252,14.33509957860224,Site 3,8
25.40946858935058,769.4560610689223,20.48791001434438,Site 1,5
17.442766623571515,839.0928373672068,11.17717536399141,Site 1,4.5
74.10894038621336,810.6957193464041,20.393665629671887,Site 3,4
69.96385033708066,904.1715917177498,17.121272324584424,Site 1,8
77.19818474724889,767.3533210530877,24.490276438882574,Site 1,3.5
22.495058504864573,786.8901910725981,1.849593996303156,Site 2,6
52.150554838590324,927.6773919351399,6.672695645829663,Site 1,12.5
55.405345815233886,838.2546090055257,11.981711827684194,Site 3,3.5
61.60150012001395,758.2772432360798,7.387057138839737,Site 2,2.5
26.0979711310938,922.156188916415,2.5808845763094723,Site 3,7.5
43.611154914833605,823.5022459644824,8.665077155455947,Site 1,8.5
98.48816234152764,810.8882799744606,2.115880692144856,Site 2,3
74.04000961687416,811.6988664492965,13.605979474959895,Site 2,6
30.072491243481636,757.5606429949403,14.45781821385026,Site 3,4
40.90368067845702,842.8602422587574,13.817802764242515,Site 2,4
29.37811268493533,920.7536282483488,9.65840487042442,Site 1,7
50.4993645939976,880.1569581497461,19.885994482319802,Site 2,7
17.787482542917132,777.9493838082999,1.6041232331190258,Site 2,4
96.88396842684597,881.7828493658453,15.31101522850804,Site 3,9.5
96.8429715372622,926.3438970316201,5.399095796747133,Site 1,3.5
41.1901033250615,787.963182805106,11.237668682588264,Site 3,8
41.332025453448296,765.291413385421,7.056734332581982,Site 3,5
48.813179694116116,816.7267551179975,17.154323757858947,Site 2,4.5
43.77190163359046,851.6935040708631,2.1402757614851,Site 2,1.5
87.24013087339699,826.6247442923486,0.1857842318713665,Site 2,2.5
46.10778889618814,790.3510657139122,24.256726272869855,Site 1,3.5
58.670431887730956,781.1918644234538,6.986307585611939,Site 1,8
53.12955223489553,924.2187215480953,6.327184318797663,Site 2,6.5
56.57073410693556,758.9630244765431,9.51038256753236,Site 3,10
39.00480142328888,935.4020350147039,18.640227016294375,Site 3,8.5
25.84875444881618,811.9995092973113,10.295752913225442,Site 1,6.5
72.58207593113184,936.8452807888389,4.625083017162979,Site 2,2.5
29.580663540400565,851.2149412184954,4.399157431907952,Site 1,7.5
35.41257972829044,815.1084390468895,21.75317643559538,Site 1,4
67.70015596412122,824.9219645280391,21.92253665998578,Site 1,8
65.0956271449104,932.975583197549,14.58587875822559,Site 1,6
80.9750092215836,791.8687534984201,2.664138242835179,Site 2,2
33.71701156720519,857.942365296185,5.245066783390939,Site 3,14
29.395005316473544,923.6282963771373,23.769249179167673,Site 1,7.5
66.47894885390997,887.9412454552948,14.009032561443746,Site 3,5.5
32.54693534690887,849.0701464470476,9.385148104047403,Site 3,5
52.71872798912227,927.8844633605331,12.580129865091294,Site 2,2.5
45.77579183969647,758.3485247567296,22.760435042437166,Site 3,2.5
20.110853808000684,802.7924442198128,13.719099125592038,Site 3,7
54.180988180451095,811.8202412500978,23.329752340214327,Site 2,8
68.75721290707588,852.2744138725102,3.4526811563409865,Site 1,5
97.81878946814686,822.3281214479357,6.276603339938447,Site 2,3.5
78.08049244340509,906.0607763472944,5.0219310680404305,Site 3,8
79.30873034056276,876.2009239755571,8.98104018997401,Site 2,4.5
5.539475055411458,837.0309704449028,5.254640389466658,Site 3,4
80.45202072244138,811.6099094972014,13.974716601660475,Site 3,7.5
76.68010876514018,875.796565413475,21.541688247816637,Site 1,6
78.32841475028545,778.4332426264882,7.186911202734336,Site 2,3
15.969011257402599,793.3473913930357,6.835875194519758,Site 3,8
97.60907171294093,809.489603433758,6.835967057850212,Site 3,9
12.288626213558018,750.5398742854595,9.817355120321736,Site 1,6.5
73.59399669803679,901.8124119844288,1.780961052281782,Site 2,3
47.5672572851181,876.4816199429333,10.037789138732478,Site 3,7.5
78.70142429601401,942.7587844897062,21.449957269942388,Site 1,5.5
92.71830392535776,799.1280106361955,21.220697968965396,Site 3,3
81.05612862855196,861.815227707848,5.99694584379904,Site 2,2.5
89.46440613362938,861.2861274275929,14.96212876518257,Site 2,1.5
81.35615177452564,878.3802648540586,22.011668363120407,Site 3,5
40.22343617398292,775.6479665171355,6.250014406396076,Site 2,5
26.499208970926702,822.3861917853355,6.518301338655874,Site 1,2.5
82.38179101608694,947.2062508109957,12.971973815001547,Site 1,4
20.308350468985736,949.5530288200825,21.639808849431574,Site 2,2.5
46.8935688957572,901.5138860791922,14.298882975708693,Site 3,5
91.75681800115854,907.7983004506677,10.38068079506047,Site 1,2.5
41.08791688922793,789.4578001461923,8.110078930621967,Site 3,10
75.13203364796937,753.3842533361167,14.913586981128901,Site 1,5.5
64.56651692278683,796.2628987152129,13.846645358717069,Site 1,6
96.37273638509214,918.206268036738,21.369260136270896,Site 3,4
47.519473964348435,835.7170363422483,14.984897326212376,Site 2,3.5
8.572072256356478,853.4958616364747,17.056552012218162,Site 2,6.5
46.193878911435604,817.1097503975034,24.965326202800497,Site 1,4
99.10143516026437,754.858969990164,22.31055538286455,Site 1,5
35.47304312232882,809.5737146679312,12.564709282014519,Site 3,4
47.22380030434579,792.6575022283942,9.401677118148655,Site 3,7.5
9.683203091844916,775.8596875704825,2.89147247094661,Site 2,3.5
73.25943554751575,847.9542910587043,4.457474465016276,Site 3,7
6.6808609291911125,753.1401108484715,18.454682966694236,Site 3,2.5
74.04869771562517,835.0320315919816,19.55667968140915,Site 3,5
32.80803528614342,837.8574879840016,6.164575845468789,Site 3,9
75.52687718998641,896.4461063500494,1.5608713671099395,Site 3,2.5
46.55701562296599,858.6551566142589,18.352512951241806,Site 1,5
80.27832992374897,844.1924190614372,19.56039645592682,Site 1,4
12.517915247008204,930.4251542314887,18.60772478976287,Site 3,5.5
78.19234088528901,866.683844383806,3.111709246877581,Site 2,2.5
7.579816458746791,829.7586875036359,21.672192495316267,Site 2,5
11.23497006483376,815.3256657999009,14.211627113400027,Site 2,4
82.10159533191472,801.1282434687018,22.358660685131326,Site 3,5.5
61.714568571187556,842.157429503277,14.691462251357734,Site 2,2.5
89.44335547275841,807.5787223875523,12.268127326387912,Site 3,6.5
88.2338265189901,930.4981072898954,19.3047019187361,Site 2,4
47.64252183958888,938.1212311796844,15.245006990153342,Site 2,4
45.91554435901344,901.3344219420105,15.804494393523782,Site 1,8.5
61.1318351700902,938.5976153891534,13.505934708518907,Site 3,7.5
38.54131011758,914.2431335989386,4.2437773663550615,Site 2,2.5
36.93607482127845,809.6101382281631,6.276825629174709,Site 1,5.5
95.1684450963512,896.4699271135032,13.892160495743155,Site 2,5
1.734929671511054,762.207093834877,11.215623072348535,Site 3,7
81.02348314132541,938.5569226462394,16.273209359496832,Site 1,3.5
26.442283834330738,753.4991635940969,5.0871718500275165,Site 1,3
66.99677081778646,868.4042448177934,1.328210870269686,Site 2,3
38.40596911031753,905.173117108643,11.934566317358986,Site 2,2.5
41.34769376832992,851.3271770440042,7.7988375327549875,Site 2,3.5
63.51843860466033,873.7198765855283,24.492827436188236,Site 2,7
64.50257238466293,923.1034070253372,9.57723535830155,Site 3,12
58.2310157828033,945.4344279598445,6.629151327069849,Site 2,8
74.2366201011464,758.5527089424431,12.858600867912173,Site 1,4
81.57871703151613,945.7975437864661,5.888257059268653,Site 2,8
60.94842448364943,785.7144112698734,11.919894954189658,Site 3,5
5.4071626625955105,822.9273420758545,3.3842486795037985,Site 1,2.5
67.59650586172938,854.4791265856475,10.794864583294839,Site 1,6.5
1.3063715305179358,933.856107480824,9.565967123489827,Site 1,4.5
80.68731694947928,824.439816782251,17.08753419225104,Site 1,6
88.16984025761485,932.1043734438717,9.091099177021533,Site 2,5
25.566711416468024,897.9093271773309,17.945404688362032,Site 2,3.5
88.51401451975107,781.8737392313778,10.064979211892933,Site 3,2
75.24062257725745,887.4886536970735,6.962950085289776,Site 3,9.5
15.817109914496541,886.3220032304525,3.2181885151658207,Site 2,1.5
99.21870213001966,841.3497000001371,11.137876764405519,Site 2,2.5
58.203710755333304,876.5334314201027,8.082591055426747,Site 1,5
30.795493186451495,826.1250765062869,8.762198983458802,Site 2,2
61.42191628459841,890.392229007557,3.449296153848991,Site 1,4
13.0946671590209,890.953960083425,2.8835562523454428,Site 3,10
43.34943410940468,906.9285043980926,5.852631741436198,Site 2,4
85.5083046015352,858.0370742827654,6.167529139202088,Site 2,1.5
21.57620112411678,922.7869173046201,23.23369675432332,Site 2,7
11.739925621077418,899.6798529755324,5.766419152496383,Site 2,4.5
27.17635273002088,753.7889974191785,3.0343346821609885,Site 1,5
29.715511272661388,837.2250351589173,6.741923926165327,Site 2,2
99.33558492921293,809.1891178395599,24.05412666266784,Site 1,6.5
99.4985835859552,844.4212677888572,5.144488625228405,Site 1,5.5
86.20011557359248,893.9789591822773,17.822026350768283,Site 3,4
6.367824459448457,892.501186253503,2.0240966754499823,Site 3,8.5
53.91614683903754,870.1697282958776,21.00524619454518,Site 2,1.5
50.444227224215865,934.3819023575634,2.2284332604613155,Site 2,4.5
83.23994395323098,799.6544856578112,16.54551911051385,Site 1,13
18.252768949605525,937.4550671316683,24.37694877735339,Site 3,1.5
80.41625823825598,942.9564223624766,16.479609080124646,Site 1,7
73.65649617277086,889.5454091951251,23.94674327224493,Site 3,6
31.448108120821416,817.8458173759282,10.644410370150581,Site 1,7
68.80750618875027,812.6489490270615,6.991255411412567,Site 2,2.5
98.51969992741942,796.5630539692938,23.131679667858407,Site 2,4.5
60.74032695032656,929.7101416625082,21.061997424112633,Site 2,5.5
94.38975986558944,908.8423072360456,1.5560956147965044,Site 1,3.5
83.16480026114732,938.120779581368,24.751051841303706,Site 3,3.5
43.23443649336696,786.2494833767414,4.113425879040733,Site 1,6.5
85.6857787584886,862.706229602918,12.375882372725755,Site 2,2
3.184420708566904,886.9564243592322,13.055963558144867,Site 2,4.5
14.346596552059054,902.4646733421832,16.039141453802586,Site 1,8
73.77915361430496,792.937631951645,2.507189434254542,Site 1,5
9.9451590096578,819.3406572565436,3.037488035624847,Site 3,11
19.265571096912026,759.2230764683336,17.75788642698899,Site 2,6.5
69.99941773246974,903.3765205647796,7.36235796357505,Site 2,2
2.624330949038267,881.3739037606865,14.953040448017418,Site 1,6.5
59.160133358091116,851.2197878677398,13.946984033100307,Site 2,1
74.83814377337694,924.9998138751835,12.800016877008602,Site 2,6.5
